BOL Number,Overlabel Reason,Customer Reference,Overlabeled DC,Receive Date,DHL Tracking Number,Customer Confirmation Number,Delivery Confirmation Number,Recipient Name
'101008222025,Ccn Overlabel For Usps Evs,"IFS/BOXIISHIP SYSTEM BEAUTY",'9261290339737604393127,"08/20/2025 12:56:50 pm",'1102110885812305,'420187049261290339737604393127,'9361289936500477637717,
'101008222025,Ccn Overlabel For Usps Evs,"IFS/BOXIISHIP SYSTEM BEAUTY",'9261290339737604393554,"08/20/2025 12:56:50 pm",'1102110885812405,'420372069261290339737604393554,'9361289936500477637724,
'53923585082121092749,Ccn Overlabel For Usps Evs,"IFS/BOXIISHIP SYSTEM BEAUTY",'9261290339737604391925,"08/21/2025 09:06:40 pm",'1102110886219725,'420531909261290339737604391925,'9361289936500477648270,
'53923585082121092749,Ccn Overlabel For Usps Evs,"IFS/BOXIISHIP SYSTEM BEAUTY",'9261290339737604392373,"08/21/2025 09:06:40 pm",'1102110886219625,'420028659261290339737604392373,'9361289936500477648263,
'53923585082121092749,Ccn Overlabel For Usps Evs,"IFS/BOXIISHIP SYSTEM BEAUTY",'9261290339737604392182,"08/21/2025 09:06:40 pm",'1102110886138625,'420302869261290339737604392182,'9361289936500477650174,
'53923585082121092749,Ccn Overlabel For Usps Evs,"IFS/BOXIISHIP SYSTEM BEAUTY",'9261290339737604391598,"08/21/2025 09:06:40 pm",'1102110886138425,'420077269261290339737604391598,'9361289936500477650150,
'53923585082121092749,Ccn Overlabel For Usps Evs,"IFS/BOXIISHIP SYSTEM BEAUTY",'9261290339737604393608,"08/21/2025 09:06:40 pm",'1102110886138525,'420085519261290339737604393608,'9361289936500477650167,
'53923585082121092749,Ccn Overlabel For Usps Evs,"IFS/BOXIISHIP SYSTEM BEAUTY",'9261290339737604392588,"08/21/2025 09:06:40 pm",'1102110886138125,'420303289261290339737604392588,'9361289936500477650129,
'53923585082121092749,Ccn Overlabel For Usps Evs,"IFS/BOXIISHIP SYSTEM BEAUTY",'9261290339631834615151,"08/21/2025 09:06:40 pm",'1102110886138225,'420137609261290339631834615151,'9361289936500477650136,
'53923585082121092749,Ccn Overlabel For Usps Evs,"IFS/BOXIISHIP SYSTEM BEAUTY",'9261290339737604392229,"08/21/2025 09:06:40 pm",'1102110886138025,'420023469261290339737604392229,'9361289936500477650112,
'53923585082121092749,Ccn Overlabel For Usps Evs,"IFS/BOXIISHIP SYSTEM BEAUTY",'9261290339737604392434,"08/21/2025 09:06:40 pm",'1102110886137925,'420760439261290339737604392434,'9361289936500477650105,
'53923585082121092749,Ccn Overlabel For Usps Evs,"IFS/BOXIISHIP SYSTEM BEAUTY",'9261290339737604394384,"08/21/2025 09:06:40 pm",'1102110886132825,'420980599261290339737604394384,'9361289936500477649581,
'53923585082121092749,Ccn Overlabel For Usps Evs,"IFS/BOXIISHIP SYSTEM BEAUTY",'9261290339631834615175,"08/21/2025 09:06:40 pm",'1102110886138325,'420359719261290339631834615175,'9361289936500477650143,
'53923585082121092749,Ccn Overlabel For Usps Evs,"IFS/BOXIISHIP SYSTEM BEAUTY",'9261290339737604393714,"08/21/2025 09:06:40 pm",'1102110886217925,'420070309261290339737604393714,'9361289936500477648096,
'53923585082121092749,Ccn Overlabel For Usps Evs,"IFS/BOXIISHIP SYSTEM BEAUTY",'9261290339737604393721,"08/21/2025 09:06:40 pm",'1102110886217825,'420336199261290339737604393721,'9361289936500477648089,
'53923585082121092749,Ccn Overlabel For Usps Evs,"IFS/BOXIISHIP SYSTEM BEAUTY",'9261290339737604394513,"08/21/2025 09:06:40 pm",'1102110886133225,'420953409261290339737604394513,'9361289936500477649628,
'53923585082121092749,Ccn Overlabel For Usps Evs,"IFS/BOXIISHIP SYSTEM BEAUTY",'9261290339737604392717,"08/21/2025 09:06:40 pm",'1102110886133025,'420145519261290339737604392717,'9361289936500477649604,
'53923585082121092749,Ccn Overlabel For Usps Evs,"IFS/BOXIISHIP SYSTEM BEAUTY",'9261290339737604391314,"08/21/2025 09:06:40 pm",'1102110886132925,'420846369261290339737604391314,'9361289936500477649598,
'53923585082121092749,Ccn Overlabel For Usps Evs,"IFS/BOXIISHIP SYSTEM BEAUTY",'9261290339737604391802,"08/21/2025 09:06:40 pm",'1102110886217725,'420956489261290339737604391802,'9361289936500477648072,
'53923585082121092749,Ccn Overlabel For Usps Evs,"IFS/BOXIISHIP SYSTEM BEAUTY",'9261290339737604391871,"08/21/2025 09:06:40 pm",'1102110886218925,'420606319261290339737604391871,'9361289936500477648195,
'53923585082121092749,Ccn Overlabel For Usps Evs,"IFS/BOXIISHIP SYSTEM BEAUTY",'9261290339737604393622,"08/21/2025 09:06:40 pm",'1102110886137325,'420328269261290339737604393622,'9361289936500477650044,
'53923585082121092749,Ccn Overlabel For Usps Evs,"IFS/BOXIISHIP SYSTEM BEAUTY",'9261290339737604394018,"08/21/2025 09:06:40 pm",'1102110886137025,'420191229261290339737604394018,'9361289936500477650013,
'53923585082121092749,Ccn Overlabel For Usps Evs,"IFS/BOXIISHIP SYSTEM BEAUTY",'9261290339737604393776,"08/21/2025 09:06:40 pm",'1102110886137425,'420117569261290339737604393776,'9361289936500477650051,
'53923585082121092749,Ccn Overlabel For Usps Evs,"IFS/BOXIISHIP SYSTEM BEAUTY",'9261290339737604393769,"08/21/2025 09:06:40 pm",'1102110886137125,'420335449261290339737604393769,'9361289936500477650020,
'53923585082121092749,Ccn Overlabel For Usps Evs,"IFS/BOXIISHIP SYSTEM BEAUTY",'9261290339737604393509,"08/21/2025 09:06:40 pm",'1102110886136925,'420193809261290339737604393509,'9361289936500477650006,
'53923585082121092749,Ccn Overlabel For Usps Evs,"IFS/BOXIISHIP SYSTEM BEAUTY",'9261290339737604393905,"08/21/2025 09:06:40 pm",'1102110886131925,'420832019261290339737604393905,'9361289936500477649499,
'53923585082121092749,Ccn Overlabel For Usps Evs,"IFS/BOXIISHIP SYSTEM BEAUTY",'9261290339737604389274,"08/21/2025 09:06:40 pm",'1102110886131825,'420487349261290339737604389274,'9361289936500477649482,
'53923585082121092749,Ccn Overlabel For Usps Evs,"IFS/BOXIISHIP SYSTEM BEAUTY",'9261290339737604393370,"08/21/2025 09:06:40 pm",'1102110886132225,'420809189261290339737604393370,'9361289936500477649529,
'53923585082121092749,Ccn Overlabel For Usps Evs,"IFS/BOXIISHIP SYSTEM BEAUTY",'9261290339737604393707,"08/21/2025 09:06:40 pm",'1102110886217525,'420112299261290339737604393707,'9361289936500477648058,
'53923585082121092749,Ccn Overlabel For Usps Evs,"IFS/BOXIISHIP SYSTEM BEAUTY",'9261290339737604393837,"08/21/2025 09:06:40 pm",'1102110886132025,'420917619261290339737604393837,'9361289936500477649505,
'53923585082121092749,Ccn Overlabel For Usps Evs,"IFS/BOXIISHIP SYSTEM BEAUTY",'9261290339737604393394,"08/21/2025 09:06:40 pm",'1102110886137525,'420707699261290339737604393394,'9361289936500477650068,
'53923585082121092749,Ccn Overlabel For Usps Evs,"IFS/BOXIISHIP SYSTEM BEAUTY",'9261290339737604392144,"08/21/2025 09:06:40 pm",'1102110886133125,'420571109261290339737604392144,'9361289936500477649611,
'53923585082121092749,Ccn Overlabel For Usps Evs,"IFS/BOXIISHIP SYSTEM BEAUTY",'9261290339737604392731,"08/21/2025 09:06:40 pm",'1102110886137225,'420306059261290339737604392731,'9361289936500477650037,
'53923585082121092749,Ccn Overlabel For Usps Evs,"IFS/BOXIISHIP SYSTEM BEAUTY",'9261290339737604392359,"08/21/2025 09:06:40 pm",'1102110886132425,'420495099261290339737604392359,'9361289936500477649543,
'53923585082121092749,Ccn Overlabel For Usps Evs,"IFS/BOXIISHIP SYSTEM BEAUTY",'9261290339737604391666,"08/21/2025 09:06:40 pm",'1102110886218525,'420327659261290339737604391666,'9361289936500477648157,
'53923585082121092749,Ccn Overlabel For Usps Evs,"IFS/BOXIISHIP SYSTEM BEAUTY",'9261290339737604393738,"08/21/2025 09:06:40 pm",'1102110886135925,'420920199261290339737604393738,'9361289936500477649901,
'53923585082121092749,Ccn Overlabel For Usps Evs,"IFS/BOXIISHIP SYSTEM BEAUTY",'9261290339737604391727,"08/21/2025 09:06:40 pm",'1102110886136025,'420021159261290339737604391727,'9361289936500477649918,
'53923585082121092749,Ccn Overlabel For Usps Evs,"IFS/BOXIISHIP SYSTEM BEAUTY",'9261290339737604393899,"08/21/2025 09:06:40 pm",'1102110886135725,'420926609261290339737604393899,'9361289936500477649888,
'53923585082121092749,Ccn Overlabel For Usps Evs,"IFS/BOXIISHIP SYSTEM BEAUTY",'9261290339737604393875,"08/21/2025 09:06:40 pm",'1102110886135825,'420774789261290339737604393875,'9361289936500477649895,
'53923585082121092749,Ccn Overlabel For Usps Evs,"IFS/BOXIISHIP SYSTEM BEAUTY",'9261290339737604393684,"08/21/2025 09:06:40 pm",'1102110886135625,'420840949261290339737604393684,'9361289936500477649871,
'53923585082121092749,Ccn Overlabel For Usps Evs,"IFS/BOXIISHIP SYSTEM BEAUTY",'9261290339737604393295,"08/21/2025 09:06:40 pm",'1102110886136125,'420028659261290339737604393295,'9361289936500477649925,
'53923585082121092749,Ccn Overlabel For Usps Evs,"IFS/BOXIISHIP SYSTEM BEAUTY",'9261290339737604391499,"08/21/2025 09:06:40 pm",'1102110886136225,'420773869261290339737604391499,'9361289936500477649932,
'53923585082121092749,Ccn Overlabel For Usps Evs,"IFS/BOXIISHIP SYSTEM BEAUTY",'9261290339737604393660,"08/21/2025 09:06:40 pm",'1102110886218425,'420840789261290339737604393660,'9361289936500477648140,
'53923585082121092749,Ccn Overlabel For Usps Evs,"IFS/BOXIISHIP SYSTEM BEAUTY",'9261290339737604393639,"08/21/2025 09:06:40 pm",'1102110886136325,'420707699261290339737604393639,'9361289936500477649949,
'53923585082121092749,Ccn Overlabel For Usps Evs,"IFS/BOXIISHIP SYSTEM BEAUTY",'9261290339737604393578,"08/21/2025 09:06:40 pm",'1102110886132525,'420926189261290339737604393578,'9361289936500477649550,
'53923585082121092749,Ccn Overlabel For Usps Evs,"IFS/BOXIISHIP SYSTEM BEAUTY",'9261290339737604395602,"08/21/2025 09:06:40 pm",'1102110886132125,'420752099261290339737604395602,'9361289936500477649512,
'53923585082121092749,Ccn Overlabel For Usps Evs,"IFS/BOXIISHIP SYSTEM BEAUTY",'9261290339737604394421,"08/21/2025 09:06:40 pm",'1102110886132325,'420926209261290339737604394421,'9361289936500477649536,
'53923585082121092749,Ccn Overlabel For Usps Evs,"IFS/BOXIISHIP SYSTEM BEAUTY",'9261290339737604390713,"08/21/2025 09:06:40 pm",'1102110886219025,'420334019261290339737604390713,'9361289936500477648201,
'53923585082121092749,Ccn Overlabel For Usps Evs,"IFS/BOXIISHIP SYSTEM BEAUTY",'9261290339737604391703,"08/21/2025 09:06:40 pm",'1102110886219525,'420781089261290339737604391703,'9361289936500477648256,
'53923585082121092749,Ccn Overlabel For Usps Evs,"IFS/BOXIISHIP SYSTEM BEAUTY",'9261290339737604393967,"08/21/2025 09:06:40 pm",'1102110886137725,'420342759261290339737604393967,'9361289936500477650082,
'53923585082121092749,Ccn Overlabel For Usps Evs,"IFS/BOXIISHIP SYSTEM BEAUTY",'9261290339737604391420,"08/21/2025 09:06:40 pm",'1102110886219225,'420902929261290339737604391420,'9361289936500477648225,
'53923585082121092749,Ccn Overlabel For Usps Evs,"IFS/BOXIISHIP SYSTEM BEAUTY",'9261290339737604393998,"08/21/2025 09:06:40 pm",'1102110886137625,'420331319261290339737604393998,'9361289936500477650075,
'53923585082121092749,Ccn Overlabel For Usps Evs,"IFS/BOXIISHIP SYSTEM BEAUTY",'9261290339737604393332,"08/21/2025 09:06:40 pm",'1102110886218625,'420284059261290339737604393332,'9361289936500477648164,
'53923585082121092749,Ccn Overlabel For Usps Evs,"IFS/BOXIISHIP SYSTEM BEAUTY",'9261290339737604393936,"08/21/2025 09:06:40 pm",'1102110886136625,'420891839261290339737604393936,'9361289936500477649970,
'53923585082121092749,Ccn Overlabel For Usps Evs,"IFS/BOXIISHIP SYSTEM BEAUTY",'9261290339737604391758,"08/21/2025 09:06:40 pm",'1102110886137825,'420701189261290339737604391758,'9361289936500477650099,
'53923585082121092749,Ccn Overlabel For Usps Evs,"IFS/BOXIISHIP SYSTEM BEAUTY",'9261290339737604393417,"08/21/2025 09:06:40 pm",'1102110886219325,'420441079261290339737604393417,'9361289936500477648232,
'53923585082121092749,Ccn Overlabel For Usps Evs,"IFS/BOXIISHIP SYSTEM BEAUTY",'9261290339737604391970,"08/21/2025 09:06:40 pm",'1102110886219125,'420840329261290339737604391970,'9361289936500477648218,
'53923585082121092749,Ccn Overlabel For Usps Evs,"IFS/BOXIISHIP SYSTEM BEAUTY",'9261290339737604393097,"08/21/2025 09:06:40 pm",'1102110886219425,'420191469261290339737604393097,'9361289936500477648249,
'53923585082121092749,Ccn Overlabel For Usps Evs,"IFS/BOXIISHIP SYSTEM BEAUTY",'9261290339737604393424,"08/21/2025 09:06:40 pm",'1102110886136525,'420331869261290339737604393424,'9361289936500477649963,
'53923585082121092749,Ccn Overlabel For Usps Evs,"IFS/BOXIISHIP SYSTEM BEAUTY",'9261290339737604392403,"08/21/2025 09:06:40 pm",'1102110886136425,'420787299261290339737604392403,'9361289936500477649956,
'53923585082121092749,Ccn Overlabel For Usps Evs,"IFS/BOXIISHIP SYSTEM BEAUTY",'9261290339737604392304,"08/21/2025 09:06:40 pm",'1102110886218825,'420778409261290339737604392304,'9361289936500477648188,
'53923585082121092749,Ccn Overlabel For Usps Evs,"IFS/BOXIISHIP SYSTEM BEAUTY",'9261290339737604392847,"08/21/2025 09:06:40 pm",'1102110886218725,'420530669261290339737604392847,'9361289936500477648171,
'53923585082121092749,Ccn Overlabel For Usps Evs,"IFS/BOXIISHIP SYSTEM BEAUTY",'9261290339737604393431,"08/21/2025 09:06:40 pm",'1102110886136725,'420956739261290339737604393431,'9361289936500477649987,
'53923585082121092749,Ccn Overlabel For Usps Evs,"IFS/BOXIISHIP SYSTEM BEAUTY",'9261290339737604395497,"08/21/2025 09:06:40 pm",'1102110886136825,'420010579261290339737604395497,'9361289936500477649994,
'53923585082121092749,Ccn Overlabel For Usps Evs,"IFS/BOXIISHIP SYSTEM BEAUTY",'9261290339737604394087,"08/21/2025 09:06:40 pm",'1102110886217125,'420074389261290339737604394087,'9361289936500477648010,
'53923585082121092749,Ccn Overlabel For Usps Evs,"IFS/BOXIISHIP SYSTEM BEAUTY",'9261290339737604393325,"08/21/2025 09:06:40 pm",'1102110886130925,'420201719261290339737604393325,'9361289936500477649390,
'53923585082121092749,Ccn Overlabel For Usps Evs,"IFS/BOXIISHIP SYSTEM BEAUTY",'9261290339737604397873,"08/21/2025 09:06:40 pm",'1102110886131025,'420385709261290339737604397873,'9361289936500477649406,
'53923585082121092749,Ccn Overlabel For Usps Evs,"IFS/BOXIISHIP SYSTEM BEAUTY",'9261290339737604392564,"08/21/2025 09:06:40 pm",'1102110886131225,'420114279261290339737604392564,'9361289936500477649420,
'53923585082121092749,Ccn Overlabel For Usps Evs,"IFS/BOXIISHIP SYSTEM BEAUTY",'9261290339737604394933,"08/21/2025 09:06:40 pm",'1102110886131325,'420334459261290339737604394933,'9361289936500477649437,
'53923585082121092749,Ccn Overlabel For Usps Evs,"IFS/BOXIISHIP SYSTEM BEAUTY",'9261290339737604392779,"08/21/2025 09:06:40 pm",'1102110886131125,'420983919261290339737604392779,'9361289936500477649413,
'53923585082121092749,Ccn Overlabel For Usps Evs,"IFS/BOXIISHIP SYSTEM BEAUTY",'9261290339737604394742,"08/21/2025 09:06:40 pm",'1102110886131425,'420189019261290339737604394742,'9361289936500477649444,
'53923585082121092749,Ccn Overlabel For Usps Evs,"IFS/BOXIISHIP SYSTEM BEAUTY",'9261290339737604395619,"08/21/2025 09:06:40 pm",'1102110886217225,'420106059261290339737604395619,'9361289936500477648027,
'53923585082121092749,Ccn Overlabel For Usps Evs,"IFS/BOXIISHIP SYSTEM BEAUTY",'9261290339737604392595,"08/21/2025 09:06:40 pm",'1102110886216925,'420946129261290339737604392595,'9361289936500477647990,
'53923585082121092749,Ccn Overlabel For Usps Evs,"IFS/BOXIISHIP SYSTEM BEAUTY",'9261290339737604395541,"08/21/2025 09:06:40 pm",'1102110886216825,'420160469261290339737604395541,'9361289936500477647983,
'53923585082121092749,Ccn Overlabel For Usps Evs,"IFS/BOXIISHIP SYSTEM BEAUTY",'9261290339737604393349,"08/21/2025 09:06:40 pm",'1102110886130725,'420341349261290339737604393349,'9361289936500477649376,
'53923585082121092749,Ccn Overlabel For Usps Evs,"IFS/BOXIISHIP SYSTEM BEAUTY",'9261290339737604392137,"08/21/2025 09:06:40 pm",'1102110886130825,'420840489261290339737604392137,'9361289936500477649383,
'53923585082121092749,Ccn Overlabel For Usps Evs,"IFS/BOXIISHIP SYSTEM BEAUTY",'9261290339737604393073,"08/21/2025 09:06:40 pm",'1102110886134025,'420076459261290339737604393073,'9361289936500477649710,
'53923585082121092749,Ccn Overlabel For Usps Evs,"IFS/BOXIISHIP SYSTEM BEAUTY",'9261290339737604392724,"08/21/2025 09:06:40 pm",'1102110886218025,'420327139261290339737604392724,'9361289936500477648102,
'53923585082121092749,Ccn Overlabel For Usps Evs,"IFS/BOXIISHIP SYSTEM BEAUTY",'9261290339737604393868,"08/21/2025 09:06:40 pm",'1102110886133425,'420301019261290339737604393868,'9361289936500477649642,
'53923585082121092749,Ccn Overlabel For Usps Evs,"IFS/BOXIISHIP SYSTEM BEAUTY",'9261290339737604394582,"08/21/2025 09:06:40 pm",'1102110886133625,'420341109261290339737604394582,'9361289936500477649666,
'53923585082121092749,Ccn Overlabel For Usps Evs,"IFS/BOXIISHIP SYSTEM BEAUTY",'9261290339737604392458,"08/21/2025 09:06:40 pm",'1102110886133525,'420564419261290339737604392458,'9361289936500477649659,
'53923585082121092749,Ccn Overlabel For Usps Evs,"IFS/BOXIISHIP SYSTEM BEAUTY",'9261290339737604393752,"08/21/2025 09:06:40 pm",'1102110886134225,'420080629261290339737604393752,'9361289936500477649734,
'53923585082121092749,Ccn Overlabel For Usps Evs,"IFS/BOXIISHIP SYSTEM BEAUTY",'9261290339737604392885,"08/21/2025 09:06:40 pm",'1102110886134625,'420301149261290339737604392885,'9361289936500477649772,
'53923585082121092749,Ccn Overlabel For Usps Evs,"IFS/BOXIISHIP SYSTEM BEAUTY",'9261290339737604393264,"08/21/2025 09:06:40 pm",'1102110886134925,'420117799261290339737604393264,'9361289936500477649802,
'53923585082121092749,Ccn Overlabel For Usps Evs,"IFS/BOXIISHIP SYSTEM BEAUTY",'9261290339737604393523,"08/21/2025 09:06:40 pm",'1102110886135425,'420782299261290339737604393523,'9361289936500477649857,
'53923585082121092749,Ccn Overlabel For Usps Evs,"IFS/BOXIISHIP SYSTEM BEAUTY",'9261290339737604394629,"08/21/2025 09:06:40 pm",'1102110886218225,'420604469261290339737604394629,'9361289936500477648126,
'53923585082121092749,Ccn Overlabel For Usps Evs,"IFS/BOXIISHIP SYSTEM BEAUTY",'9261290339737604395008,"08/21/2025 09:06:40 pm",'1102110886134725,'420895099261290339737604395008,'9361289936500477649789,
'53923585082121092749,Ccn Overlabel For Usps Evs,"IFS/BOXIISHIP SYSTEM BEAUTY",'9261290339737604393189,"08/21/2025 09:06:40 pm",'1102110886134825,'420201659261290339737604393189,'9361289936500477649796,
'53923585082121092749,Ccn Overlabel For Usps Evs,"IFS/BOXIISHIP SYSTEM BEAUTY",'9261290339737604394001,"08/21/2025 09:06:40 pm",'1102110886218325,'420926609261290339737604394001,'9361289936500477648133,
'53923585082121092749,Ccn Overlabel For Usps Evs,"IFS/BOXIISHIP SYSTEM BEAUTY",'9261290339737604392496,"08/21/2025 09:06:40 pm",'1102110886135525,'420900109261290339737604392496,'9361289936500477649864,
'53923585082121092749,Ccn Overlabel For Usps Evs,"IFS/BOXIISHIP SYSTEM BEAUTY",'9261290339737604395664,"08/21/2025 09:06:40 pm",'1102110886130125,'420025329261290339737604395664,'9361289936500477649314,
'53923585082121092749,Ccn Overlabel For Usps Evs,"IFS/BOXIISHIP SYSTEM BEAUTY",'9261290339737604400375,"08/21/2025 09:06:40 pm",'1102110886130225,'420377459261290339737604400375,'9361289936500477649321,
'53923585082121092749,Ccn Overlabel For Usps Evs,"IFS/BOXIISHIP SYSTEM BEAUTY",'9261290339737604394179,"08/21/2025 09:06:40 pm",'1102110886130625,'420480349261290339737604394179,'9361289936500477649369,
'53923585082121092749,Ccn Overlabel For Usps Evs,"IFS/BOXIISHIP SYSTEM BEAUTY",'9261290339737604393448,"08/21/2025 09:06:40 pm",'1102110886129425,'420928819261290339737604393448,'9361289936500477649246,
'53923585082121092749,Ccn Overlabel For Usps Evs,"IFS/BOXIISHIP SYSTEM BEAUTY",'9261290339737604395701,"08/21/2025 09:06:40 pm",'1102110886217025,'420826049261290339737604395701,'9361289936500477648003,
'53923585082121092749,Ccn Overlabel For Usps Evs,"IFS/BOXIISHIP SYSTEM BEAUTY",'9261290339737604393561,"08/21/2025 09:06:40 pm",'1102110886133825,'420112169261290339737604393561,'9361289936500477649680,
'53923585082121092749,Ccn Overlabel For Usps Evs,"IFS/BOXIISHIP SYSTEM BEAUTY",'9261290339737604395480,"08/21/2025 09:06:40 pm",'1102110886133725,'420333329261290339737604395480,'9361289936500477649673,
'53923585082121092749,Ccn Overlabel For Usps Evs,"IFS/BOXIISHIP SYSTEM BEAUTY",'9261290339737604393943,"08/21/2025 09:06:40 pm",'1102110886134125,'420117849261290339737604393943,'9361289936500477649727,
'53923585082121092749,Ccn Overlabel For Usps Evs,"IFS/BOXIISHIP SYSTEM BEAUTY",'9261290339737604392472,"08/21/2025 09:06:40 pm",'1102110886133925,'420945689261290339737604392472,'9361289936500477649697,
'53923585082121092749,Ccn Overlabel For Usps Evs,"IFS/BOXIISHIP SYSTEM BEAUTY",'9261290339737604394766,"08/21/2025 09:06:40 pm",'1102110886133325,'420841119261290339737604394766,'9361289936500477649635,
'53923585082121092749,Ccn Overlabel For Usps Evs,"IFS/BOXIISHIP SYSTEM BEAUTY",'9261290339737604393318,"08/21/2025 09:06:40 pm",'1102110886134525,'420347879261290339737604393318,'9361289936500477649765,
'53923585082121092749,Ccn Overlabel For Usps Evs,"IFS/BOXIISHIP SYSTEM BEAUTY",'9261290339737604393240,"08/21/2025 09:06:40 pm",'1102110886134325,'420601749261290339737604393240,'9361289936500477649741,
'53923585082121092749,Ccn Overlabel For Usps Evs,"IFS/BOXIISHIP SYSTEM BEAUTY",'9261290339737604393165,"08/21/2025 09:06:40 pm",'1102110886134425,'420900679261290339737604393165,'9361289936500477649758,
'53923585082121092749,Ccn Overlabel For Usps Evs,"IFS/BOXIISHIP SYSTEM BEAUTY",'9261290339737604393820,"08/21/2025 09:06:40 pm",'1102110886218125,'420297109261290339737604393820,'9361289936500477648119,
'53923585082121092749,Ccn Overlabel For Usps Evs,"IFS/BOXIISHIP SYSTEM BEAUTY",'9261290339737604392960,"08/21/2025 09:06:40 pm",'1102110886135325,'420105029261290339737604392960,'9361289936500477649840,
'53923585082121092749,Ccn Overlabel For Usps Evs,"IFS/BOXIISHIP SYSTEM BEAUTY",'9261290339737604393592,"08/21/2025 09:06:40 pm",'1102110886135225,'420773759261290339737604393592,'9361289936500477649833,
'53923585082121092749,Ccn Overlabel For Usps Evs,"IFS/BOXIISHIP SYSTEM BEAUTY",'9261290339737604394469,"08/21/2025 09:06:40 pm",'1102110886135025,'420112359261290339737604394469,'9361289936500477649819,
'53923585082121092749,Ccn Overlabel For Usps Evs,"IFS/BOXIISHIP SYSTEM BEAUTY",'9261290339737604391741,"08/21/2025 09:06:40 pm",'1102110886135125,'420193809261290339737604391741,'9361289936500477649826,
'53923585082121092749,Ccn Overlabel For Usps Evs,"IFS/BOXIISHIP SYSTEM BEAUTY",'9261290339737604392489,"08/21/2025 09:06:40 pm",'1102110886132625,'420265089261290339737604392489,'9361289936500477649567,
'53923585082121092749,Ccn Overlabel For Usps Evs,"IFS/BOXIISHIP SYSTEM BEAUTY",'9261290339737604391369,"08/21/2025 09:06:40 pm",'1102110886130425,'420914369261290339737604391369,'9361289936500477649345,
'53923585082121092749,Ccn Overlabel For Usps Evs,"IFS/BOXIISHIP SYSTEM BEAUTY",'9261290339737604392199,"08/21/2025 09:06:40 pm",'1102110886130325,'420900369261290339737604392199,'9361289936500477649338,
'53923585082121092749,Ccn Overlabel For Usps Evs,"IFS/BOXIISHIP SYSTEM BEAUTY",'9261290223367607154649,"08/21/2025 09:06:40 pm",'1102110886130525,'420750029261290223367607154649,'9361289936500477649352,
'53923585082121092749,Ccn Overlabel For Usps Evs,"IFS/BOXIISHIP SYSTEM BEAUTY",'9261290339737604394070,"08/21/2025 09:06:40 pm",'1102110886130025,'420782599261290339737604394070,'9361289936500477649307,
'53923585082121092749,Ccn Overlabel For Usps Evs,"IFS/BOXIISHIP SYSTEM BEAUTY",'9261290339737604393271,"08/21/2025 09:06:40 pm",'1102110886132725,'420070309261290339737604393271,'9361289936500477649574,
'53923585082121092749,Ccn Overlabel For Usps Evs,"IFS/BOXIISHIP SYSTEM BEAUTY",'9261290339737604393813,"08/21/2025 09:06:40 pm",'1102110886216725,'420270069261290339737604393813,'9361289936500477647976,
'53923585082121092749,Ccn Overlabel For Usps Evs,"IFS/BOXIISHIP SYSTEM BEAUTY",'9261290339737604394193,"08/21/2025 09:06:40 pm",'1102110886217625,'420331319261290339737604394193,'9361289936500477648065,
'53923585082121092749,Ccn Overlabel For Usps Evs,"IFS/BOXIISHIP SYSTEM BEAUTY",'9261290339737604395039,"08/21/2025 09:06:40 pm",'1102110886129925,'420299029261290339737604395039,'9361289936500477649291,
'53923585082121092749,Ccn Overlabel For Usps Evs,"IFS/BOXIISHIP SYSTEM BEAUTY",'9261290339737604393455,"08/21/2025 09:06:40 pm",'1102110886131725,'420782599261290339737604393455,'9361289936500477649475,
'53923585082121092749,Ccn Overlabel For Usps Evs,"IFS/BOXIISHIP SYSTEM BEAUTY",'9261290339737604392267,"08/21/2025 09:06:40 pm",'1102110886131625,'420347879261290339737604392267,'9361289936500477649468,
'53923585082121092749,Ccn Overlabel For Usps Evs,"IFS/BOXIISHIP SYSTEM BEAUTY",'9261290339737604391765,"08/21/2025 09:06:40 pm",'1102110886217325,'420121989261290339737604391765,'9361289936500477648034,
'53923585082121092749,Ccn Overlabel For Usps Evs,"IFS/BOXIISHIP SYSTEM BEAUTY",'9261290339737604393844,"08/21/2025 09:06:40 pm",'1102110886131525,'420980599261290339737604393844,'9361289936500477649451,
'53923585082121092749,Ccn Overlabel For Usps Evs,"IFS/BOXIISHIP SYSTEM BEAUTY",'9261290339737604392694,"08/21/2025 09:06:40 pm",'1102110886217425,'420633689261290339737604392694,'9361289936500477648041,
'53923585082121092749,Ccn Overlabel For Usps Evs,"IFS/BOXIISHIP SYSTEM BEAUTY",'9261290339737604391949,"08/21/2025 09:06:40 pm",'1102110886129325,'420836869261290339737604391949,'9361289936500477649239,
'53923585082121092749,Ccn Overlabel For Usps Evs,"IFS/BOXIISHIP SYSTEM BEAUTY",'9261290339737604382954,"08/21/2025 09:06:40 pm",'1102110886129225,'420750729261290339737604382954,'9361289936500477649222,
'53923585082121092749,Ccn Overlabel For Usps Evs,"IFS/BOXIISHIP SYSTEM BEAUTY",'9261290339737604393790,"08/21/2025 09:06:40 pm",'1102110886129525,'420144509261290339737604393790,'9361289936500477649253,
'53923585082121092749,Ccn Overlabel For Usps Evs,"IFS/BOXIISHIP SYSTEM BEAUTY",'9261290339737604394124,"08/21/2025 09:06:40 pm",'1102110886129625,'420276099261290339737604394124,'9361289936500477649260,
'53923585082121092749,Ccn Overlabel For Usps Evs,"IFS/BOXIISHIP SYSTEM BEAUTY",'9261290339737604393530,"08/21/2025 09:06:40 pm",'1102110886216625,'420200029261290339737604393530,'9361289936500477647969,
'53923585082121092749,Ccn Overlabel For Usps Evs,"IFS/BOXIISHIP SYSTEM BEAUTY",'9261290339737604392274,"08/21/2025 09:06:40 pm",'1102110886216525,'420610819261290339737604392274,'9361289936500477647952,
'53923585082121092749,Ccn Overlabel For Usps Evs,"IFS/BOXIISHIP SYSTEM BEAUTY",'9261290339737604394025,"08/21/2025 09:06:40 pm",'1102110886129825,'420300809261290339737604394025,'9361289936500477649284,
'53923585082121092749,Ccn Overlabel For Usps Evs,"IFS/BOXIISHIP SYSTEM BEAUTY",'9261290339737604393981,"08/21/2025 09:06:40 pm",'1102110886129725,'420103129261290339737604393981,'9361289936500477649277,
'53923585082121092749,Ccn Overlabel For Usps Evs,"IFS/BOXIISHIP SYSTEM BEAUTY",'9261290339737604401594,"08/21/2025 09:06:40 pm",'1102110886216325,'420282089261290339737604401594,'9361289936500477647938,
'53923585082121092749,Ccn Overlabel For Usps Evs,"IFS/BOXIISHIP SYSTEM BEAUTY",'9261290339737604390560,"08/21/2025 09:06:40 pm",'1102110886216425,'420275119261290339737604390560,'9361289936500477647945,
'53923585082121092749,Ccn Overlabel For Usps Evs,"IFS/BOXIISHIP SYSTEM BEAUTY",'9261290339737604392601,"08/21/2025 09:06:40 pm",'1102110886129125,'420850489261290339737604392601,'9361289936500477649215,
'53923585082121092749,Ccn Overlabel For Usps Evs,"IFS/BOXIISHIP SYSTEM BEAUTY",'9261290339737604395022,"08/21/2025 09:06:40 pm",'1102110886128925,'420020629261290339737604395022,'9361289936500477649192,
'53923585082121092749,Ccn Overlabel For Usps Evs,"IFS/BOXIISHIP SYSTEM BEAUTY",'9261290339737604395473,"08/21/2025 09:06:40 pm",'1102110886129025,'420331659261290339737604395473,'9361289936500477649208,
'53923585082121092749,Ccn Overlabel For Usps Evs,"IFS/BOXIISHIP SYSTEM BEAUTY",'9261290339737604393912,"08/21/2025 09:06:40 pm",'1102110886128825,'420923769261290339737604393912,'9361289936500477649185,
'53923585082121092749,Ccn Overlabel For Usps Evs,"IFS/BOXIISHIP SYSTEM BEAUTY",'9261290339737604395152,"08/21/2025 09:06:40 pm",'1102110886128525,'420910169261290339737604395152,'9361289936500477649154,
'53923585082121092749,Ccn Overlabel For Usps Evs,"IFS/BOXIISHIP SYSTEM BEAUTY",'9261290339737604400535,"08/21/2025 09:06:40 pm",'1102110886128425,'420193439261290339737604400535,'9361289936500477649147,
'53923585082121092749,Ccn Overlabel For Usps Evs,"IFS/BOXIISHIP SYSTEM BEAUTY",'9261290339737604401105,"08/21/2025 09:06:40 pm",'1102110886128725,'420282699261290339737604401105,'9361289936500477649178,
'53923585082121092749,Ccn Overlabel For Usps Evs,"IFS/BOXIISHIP SYSTEM BEAUTY",'9261290339737604403666,"08/21/2025 09:06:40 pm",'1102110886216225,'420299109261290339737604403666,'9361289936500477647921,
'53923585082121092749,Ccn Overlabel For Usps Evs,"IFS/BOXIISHIP SYSTEM BEAUTY",'9261290339737604402751,"08/21/2025 09:06:40 pm",'1102110886128625,'420941129261290339737604402751,'9361289936500477649161,
'53923585082121092749,Ccn Overlabel For Usps Evs,"IFS/BOXIISHIP SYSTEM BEAUTY",'9261290339737604401075,"08/21/2025 09:06:40 pm",'1102110886128125,'420640129261290339737604401075,'9361289936500477649109,
'53923585082121092749,Ccn Overlabel For Usps Evs,"IFS/BOXIISHIP SYSTEM BEAUTY",'9261290339737604400948,"08/21/2025 09:06:40 pm",'1102110886128325,'420945269261290339737604400948,'9361289936500477649123,
'53923585082121092749,Ccn Overlabel For Usps Evs,"IFS/BOXIISHIP SYSTEM BEAUTY",'9261290339737604401525,"08/21/2025 09:06:40 pm",'1102110886215925,'420913029261290339737604401525,'9361289936500477647891,
'53923585082121092749,Ccn Overlabel For Usps Evs,"IFS/BOXIISHIP SYSTEM BEAUTY",'9261290339737604401730,"08/21/2025 09:06:40 pm",'1102110886128025,'420816209261290339737604401730,'9361289936500477649086,
'53923585082121092749,Ccn Overlabel For Usps Evs,"IFS/BOXIISHIP SYSTEM BEAUTY",'9261290339737604400719,"08/21/2025 09:06:40 pm",'1102110886216125,'420333149261290339737604400719,'9361289936500477647914,
'53923585082121092749,Ccn Overlabel For Usps Evs,"IFS/BOXIISHIP SYSTEM BEAUTY",'9261290339737604403123,"08/21/2025 09:06:40 pm",'1102110886216025,'420802109261290339737604403123,'9361289936500477647907,
'53923585082121092749,Ccn Overlabel For Usps Evs,"IFS/BOXIISHIP SYSTEM BEAUTY",'9261290339737604401839,"08/21/2025 09:06:40 pm",'1102110886128225,'420121739261290339737604401839,'9361289936500477649116,
'53923585082121092749,Ccn Overlabel For Usps Evs,"IFS/BOXIISHIP SYSTEM BEAUTY",'9261290339737604401280,"08/21/2025 09:06:40 pm",'1102110886215725,'420128669261290339737604401280,'9361289936500477647877,
'53923585082121092749,Ccn Overlabel For Usps Evs,"IFS/BOXIISHIP SYSTEM BEAUTY",'9261290339737604401181,"08/21/2025 09:06:40 pm",'1102110886215825,'420216179261290339737604401181,'9361289936500477647884,
'53923585082121092749,Ccn Overlabel For Usps Evs,"IFS/BOXIISHIP SYSTEM BEAUTY",'9261290339737604402720,"08/21/2025 09:06:40 pm",'1102110886127325,'420980039261290339737604402720,'9361289936500477649017,
'53923585082121092749,Ccn Overlabel For Usps Evs,"IFS/BOXIISHIP SYSTEM BEAUTY",'9261290339737604400900,"08/21/2025 09:06:40 pm",'1102110886127825,'420328149261290339737604400900,'9361289936500477649062,
'53923585082121092749,Ccn Overlabel For Usps Evs,"IFS/BOXIISHIP SYSTEM BEAUTY",'9261290339737604401518,"08/21/2025 09:06:40 pm",'1102110886215625,'420191239261290339737604401518,'9361289936500477647860,
'53923585082121092749,Ccn Overlabel For Usps Evs,"IFS/BOXIISHIP SYSTEM BEAUTY",'9261290339737604401129,"08/21/2025 09:06:40 pm",'1102110886127625,'420852159261290339737604401129,'9361289936500477649048,
'53923585082121092749,Ccn Overlabel For Usps Evs,"IFS/BOXIISHIP SYSTEM BEAUTY",'9261290339737604403222,"08/21/2025 09:06:40 pm",'1102110886127525,'420448229261290339737604403222,'9361289936500477649031,
'53923585082121092749,Ccn Overlabel For Usps Evs,"IFS/BOXIISHIP SYSTEM BEAUTY",'9261290339737604404007,"08/21/2025 09:06:40 pm",'1102110886127425,'420300169261290339737604404007,'9361289936500477649024,
'53923585082121092749,Ccn Overlabel For Usps Evs,"IFS/BOXIISHIP SYSTEM BEAUTY",'9261290339737604400986,"08/21/2025 09:06:40 pm",'1102110886126925,'420330719261290339737604400986,'9361289936500477648973,
'53923585082121092749,Ccn Overlabel For Usps Evs,"IFS/BOXIISHIP SYSTEM BEAUTY",'9261290339737604403703,"08/21/2025 09:06:40 pm",'1102110886127125,'420227019261290339737604403703,'9361289936500477648997,
'53923585082121092749,Ccn Overlabel For Usps Evs,"IFS/BOXIISHIP SYSTEM BEAUTY",'9261290339737604400849,"08/21/2025 09:06:40 pm",'1102110886127225,'420945099261290339737604400849,'9361289936500477649000,
'53923585082121092749,Ccn Overlabel For Usps Evs,"IFS/BOXIISHIP SYSTEM BEAUTY",'9261290339737604400955,"08/21/2025 09:06:40 pm",'1102110886126825,'420537169261290339737604400955,'9361289936500477648966,
'53923585082121092749,Ccn Overlabel For Usps Evs,"IFS/BOXIISHIP SYSTEM BEAUTY",'9261290339737604400634,"08/21/2025 09:06:40 pm",'1102110886126725,'420294019261290339737604400634,'9361289936500477648959,
'53923585082121092749,Ccn Overlabel For Usps Evs,"IFS/BOXIISHIP SYSTEM BEAUTY",'9261290339737604403055,"08/21/2025 09:06:40 pm",'1102110886215325,'420100119261290339737604403055,'9361289936500477647839,
'53923585082121092749,Ccn Overlabel For Usps Evs,"IFS/BOXIISHIP SYSTEM BEAUTY",'9261290339737604400917,"08/21/2025 09:06:40 pm",'1102110886127925,'420993449261290339737604400917,'9361289936500477649079,
'53923585082121092749,Ccn Overlabel For Usps Evs,"IFS/BOXIISHIP SYSTEM BEAUTY",'9261290339737604401266,"08/21/2025 09:06:40 pm",'1102110886127725,'420322569261290339737604401266,'9361289936500477649055,
'53923585082121092749,Ccn Overlabel For Usps Evs,"IFS/BOXIISHIP SYSTEM BEAUTY",'9261290339737604404342,"08/21/2025 09:06:40 pm",'1102110886215525,'420371109261290339737604404342,'9361289936500477647853,
'53923585082121092749,Ccn Overlabel For Usps Evs,"IFS/BOXIISHIP SYSTEM BEAUTY",'9261290339737604400870,"08/21/2025 09:06:40 pm",'1102110886127025,'420945649261290339737604400870,'9361289936500477648980,
'53923585082121092749,Ccn Overlabel For Usps Evs,"IFS/BOXIISHIP SYSTEM BEAUTY",'9261290339737604401631,"08/21/2025 09:06:40 pm",'1102110886126625,'420770949261290339737604401631,'9361289936500477648942,
'53923585082121092749,Ccn Overlabel For Usps Evs,"IFS/BOXIISHIP SYSTEM BEAUTY",'9261290339737604400672,"08/21/2025 09:06:40 pm",'1102110886126325,'420378769261290339737604400672,'9361289936500477648911,
'53923585082121092749,Ccn Overlabel For Usps Evs,"IFS/BOXIISHIP SYSTEM BEAUTY",'9261290339737604400481,"08/21/2025 09:06:40 pm",'1102110886126225,'420117109261290339737604400481,'9361289936500477648904,
'53923585082121092749,Ccn Overlabel For Usps Evs,"IFS/BOXIISHIP SYSTEM BEAUTY",'9261290339737604394063,"08/21/2025 09:06:40 pm",'1102110886126525,'420117879261290339737604394063,'9361289936500477648935,
'53923585082121092749,Ccn Overlabel For Usps Evs,"IFS/BOXIISHIP SYSTEM BEAUTY",'9261290339737604401150,"08/21/2025 09:06:40 pm",'1102110886215225,'420115689261290339737604401150,'9361289936500477647822,
'53923585082121092749,Ccn Overlabel For Usps Evs,"IFS/BOXIISHIP SYSTEM BEAUTY",'9261290339737604403239,"08/21/2025 09:06:40 pm",'1102110886126125,'420117589261290339737604403239,'9361289936500477648898,
'53923585082121092749,Ccn Overlabel For Usps Evs,"IFS/BOXIISHIP SYSTEM BEAUTY",'9261290339737604403215,"08/21/2025 09:06:40 pm",'1102110886126425,'420232369261290339737604403215,'9361289936500477648928,
'53923585082121092749,Ccn Overlabel For Usps Evs,"IFS/BOXIISHIP SYSTEM BEAUTY",'9261290339737604402034,"08/21/2025 09:06:40 pm",'1102110886215425,'420351739261290339737604402034,'9361289936500477647846,
'53923585082121092749,Ccn Overlabel For Usps Evs,"IFS/BOXIISHIP SYSTEM BEAUTY",'9261290339737604389427,"08/21/2025 09:06:40 pm",'1102110886120425,'420186409261290339737604389427,'9361289936500477647327,
'53923585082121092749,Ccn Overlabel For Usps Evs,"IFS/BOXIISHIP SYSTEM BEAUTY",'9261290339737604401549,"08/21/2025 09:06:40 pm",'1102110886125625,'420115209261290339737604401549,'9361289936500477648843,
'53923585082121092749,Ccn Overlabel For Usps Evs,"IFS/BOXIISHIP SYSTEM BEAUTY",'9261290339737604393745,"08/21/2025 09:06:40 pm",'1102110886125425,'420351249261290339737604393745,'9361289936500477648829,
'53923585082121092749,Ccn Overlabel For Usps Evs,"IFS/BOXIISHIP SYSTEM BEAUTY",'9261290339737604401358,"08/21/2025 09:06:40 pm",'1102110886124725,'420201719261290339737604401358,'9361289936500477648751,
'53923585082121092749,Ccn Overlabel For Usps Evs,"IFS/BOXIISHIP SYSTEM BEAUTY",'9261290339737604393646,"08/21/2025 09:06:40 pm",'1102110886120325,'420925839261290339737604393646,'9361289936500477647310,
'53923585082121092749,Ccn Overlabel For Usps Evs,"IFS/BOXIISHIP SYSTEM BEAUTY",'9261290339737604390966,"08/21/2025 09:06:40 pm",'1102110886120625,'420337569261290339737604390966,'9361289936500477647341,
'53923585082121092749,Ccn Overlabel For Usps Evs,"IFS/BOXIISHIP SYSTEM BEAUTY",'9261290339737604393158,"08/21/2025 09:06:40 pm",'1102110886120225,'420493169261290339737604393158,'9361289936500477647303,
'53923585082121092749,Ccn Overlabel For Usps Evs,"IFS/BOXIISHIP SYSTEM BEAUTY",'9261290339737604393301,"08/21/2025 09:06:40 pm",'1102110886213825,'420081079261290339737604393301,'9361289936500477647662,
'53923585082121092749,Ccn Overlabel For Usps Evs,"IFS/BOXIISHIP SYSTEM BEAUTY",'9261290339737604390393,"08/21/2025 09:06:40 pm",'1102110886120525,'420917669261290339737604390393,'9361289936500477647334,
'53923585082121092749,Ccn Overlabel For Usps Evs,"IFS/BOXIISHIP SYSTEM BEAUTY",'9261290339737604403789,"08/21/2025 09:06:40 pm",'1102110886125025,'420802199261290339737604403789,'9361289936500477648782,
'53923585082121092749,Ccn Overlabel For Usps Evs,"IFS/BOXIISHIP SYSTEM BEAUTY",'9261290339737604401044,"08/21/2025 09:06:40 pm",'1102110886125325,'420080279261290339737604401044,'9361289936500477648812,
'53923585082121092749,Ccn Overlabel For Usps Evs,"IFS/BOXIISHIP SYSTEM BEAUTY",'9261290339737604400962,"08/21/2025 09:06:40 pm",'1102110886124825,'420805139261290339737604400962,'9361289936500477648768,
'53923585082121092749,Ccn Overlabel For Usps Evs,"IFS/BOXIISHIP SYSTEM BEAUTY",'9261290339737604393882,"08/21/2025 09:06:40 pm",'1102110886215025,'420945779261290339737604393882,'9361289936500477647808,
'53923585082121092749,Ccn Overlabel For Usps Evs,"IFS/BOXIISHIP SYSTEM BEAUTY",'9261290339737604404120,"08/21/2025 09:06:40 pm",'1102110886124325,'420296079261290339737604404120,'9361289936500477648713,
'53923585082121092749,Ccn Overlabel For Usps Evs,"IFS/BOXIISHIP SYSTEM BEAUTY",'9261290339737604399648,"08/21/2025 09:06:40 pm",'1102110886214825,'420972019261290339737604399648,'9361289936500477647778,
'53923585082121092749,Ccn Overlabel For Usps Evs,"IFS/BOXIISHIP SYSTEM BEAUTY",'9261290339737604391628,"08/21/2025 09:06:40 pm",'1102110886214925,'420276039261290339737604391628,'9361289936500477647792,
'53923585082121092749,Ccn Overlabel For Usps Evs,"IFS/BOXIISHIP SYSTEM BEAUTY",'9261290339737604401341,"08/21/2025 09:06:40 pm",'1102110886125525,'420531439261290339737604401341,'9361289936500477648836,
'53923585082121092749,Ccn Overlabel For Usps Evs,"IFS/BOXIISHIP SYSTEM BEAUTY",'9261290339737604402027,"08/21/2025 09:06:40 pm",'1102110886215125,'420740119261290339737604402027,'9361289936500477647815,
'53923585082121092749,Ccn Overlabel For Usps Evs,"IFS/BOXIISHIP SYSTEM BEAUTY",'9261290339737604400764,"08/21/2025 09:06:40 pm",'1102110886125125,'420920699261290339737604400764,'9361289936500477648799,
'53923585082121092749,Ccn Overlabel For Usps Evs,"IFS/BOXIISHIP SYSTEM BEAUTY",'9261290339737604400733,"08/21/2025 09:06:40 pm",'1102110886125225,'420320439261290339737604400733,'9361289936500477648805,
'53923585082121092749,Ccn Overlabel For Usps Evs,"IFS/BOXIISHIP SYSTEM BEAUTY",'9261290339737604401051,"08/21/2025 09:06:40 pm",'1102110886124925,'420117719261290339737604401051,'9361289936500477648775,
'53923585082121092749,Ccn Overlabel For Usps Evs,"IFS/BOXIISHIP SYSTEM BEAUTY",'9261290339737604401396,"08/21/2025 09:06:40 pm",'1102110886124625,'420851389261290339737604401396,'9361289936500477648744,
'53923585082121092749,Ccn Overlabel For Usps Evs,"IFS/BOXIISHIP SYSTEM BEAUTY",'9261290339737604392441,"08/21/2025 09:06:40 pm",'1102110886124525,'420173709261290339737604392441,'9361289936500477648737,
'53923585082121092749,Ccn Overlabel For Usps Evs,"IFS/BOXIISHIP SYSTEM BEAUTY",'9261290339737604403901,"08/21/2025 09:06:40 pm",'1102110886124425,'420117989261290339737604403901,'9361289936500477648720,
'53923585082121092749,Ccn Overlabel For Usps Evs,"IFS/BOXIISHIP SYSTEM BEAUTY",'9261290339737604390812,"08/21/2025 09:06:40 pm",'1102110886121425,'420337559261290339737604390812,'9361289936500477647426,
'53923585082121092749,Ccn Overlabel For Usps Evs,"IFS/BOXIISHIP SYSTEM BEAUTY",'9261290339737604393479,"08/21/2025 09:06:40 pm",'1102110886213925,'420926609261290339737604393479,'9361289936500477647679,
'53923585082121092749,Ccn Overlabel For Usps Evs,"IFS/BOXIISHIP SYSTEM BEAUTY",'9261290339737604392748,"08/21/2025 09:06:40 pm",'1102110886120925,'420110019261290339737604392748,'9361289936500477647372,
'53923585082121092749,Ccn Overlabel For Usps Evs,"IFS/BOXIISHIP SYSTEM BEAUTY",'9261290339737604401037,"08/21/2025 09:06:40 pm",'1102110886121025,'420926759261290339737604401037,'9361289936500477647389,
'53923585082121092749,Ccn Overlabel For Usps Evs,"IFS/BOXIISHIP SYSTEM BEAUTY",'9261290339737604395558,"08/21/2025 09:06:40 pm",'1102110886120725,'420299109261290339737604395558,'9361289936500477647358,
'53923585082121092749,Ccn Overlabel For Usps Evs,"IFS/BOXIISHIP SYSTEM BEAUTY",'9261290339737604403819,"08/21/2025 09:06:40 pm",'1102110886120825,'420290169261290339737604403819,'9361289936500477647365,
'53923585082121092749,Ccn Overlabel For Usps Evs,"IFS/BOXIISHIP SYSTEM BEAUTY",'9261290339737604401990,"08/21/2025 09:06:40 pm",'1102110886124225,'420913679261290339737604401990,'9361289936500477648706,
'53923585082121092749,Ccn Overlabel For Usps Evs,"IFS/BOXIISHIP SYSTEM BEAUTY",'9261290339737604393486,"08/21/2025 09:06:40 pm",'1102110886123925,'420483099261290339737604393486,'9361289936500477648676,
'53923585082121092749,Ccn Overlabel For Usps Evs,"IFS/BOXIISHIP SYSTEM BEAUTY",'9261290339737604394155,"08/21/2025 09:06:40 pm",'1102110886121225,'420840579261290339737604394155,'9361289936500477647402,
'53923585082121092749,Ccn Overlabel For Usps Evs,"IFS/BOXIISHIP SYSTEM BEAUTY",'9261290339737604394100,"08/21/2025 09:06:40 pm",'1102110886214625,'420454199261290339737604394100,'9361289936500477647747,
'53923585082121092749,Ccn Overlabel For Usps Evs,"IFS/BOXIISHIP SYSTEM BEAUTY",'9261290339737604402904,"08/21/2025 09:06:40 pm",'1102110886123725,'420068549261290339737604402904,'9361289936500477648652,
'53923585082121092749,Ccn Overlabel For Usps Evs,"IFS/BOXIISHIP SYSTEM BEAUTY",'9261290339737604394056,"08/21/2025 09:06:40 pm",'1102110886123625,'420370879261290339737604394056,'9361289936500477648645,
'53923585082121092749,Ccn Overlabel For Usps Evs,"IFS/BOXIISHIP SYSTEM BEAUTY",'9261290339737604391543,"08/21/2025 09:06:40 pm",'1102110886214525,'420181019261290339737604391543,'9361289936500477647730,
'53923585082121092749,Ccn Overlabel For Usps Evs,"IFS/BOXIISHIP SYSTEM BEAUTY",'9261290339737604393783,"08/21/2025 09:06:40 pm",'1102110886214125,'420400599261290339737604393783,'9361289936500477647693,
'53923585082121092749,Ccn Overlabel For Usps Evs,"IFS/BOXIISHIP SYSTEM BEAUTY",'9261290339737604401228,"08/21/2025 09:06:40 pm",'1102110886122125,'420805269261290339737604401228,'9361289936500477647495,
'53923585082121092749,Ccn Overlabel For Usps Evs,"IFS/BOXIISHIP SYSTEM BEAUTY",'9261290339737604394926,"08/21/2025 09:06:40 pm",'1102110886214025,'420018039261290339737604394926,'9361289936500477647686,
'53923585082121092749,Ccn Overlabel For Usps Evs,"IFS/BOXIISHIP SYSTEM BEAUTY",'9261290339737604394032,"08/21/2025 09:06:40 pm",'1102110886121625,'420100019261290339737604394032,'9361289936500477647440,
'53923585082121092749,Ccn Overlabel For Usps Evs,"IFS/BOXIISHIP SYSTEM BEAUTY",'9261290339737604395015,"08/21/2025 09:06:40 pm",'1102110886124025,'420490149261290339737604395015,'9361289936500477648683,
'53923585082121092749,Ccn Overlabel For Usps Evs,"IFS/BOXIISHIP SYSTEM BEAUTY",'9261290339737604402003,"08/21/2025 09:06:40 pm",'1102110886123825,'420330679261290339737604402003,'9361289936500477648669,
'53923585082121092749,Ccn Overlabel For Usps Evs,"IFS/BOXIISHIP SYSTEM BEAUTY",'9261290339737604394094,"08/21/2025 09:06:40 pm",'1102110886121125,'420761799261290339737604394094,'9361289936500477647396,
'53923585082121092749,Ccn Overlabel For Usps Evs,"IFS/BOXIISHIP SYSTEM BEAUTY",'9261290339737604393387,"08/21/2025 09:06:40 pm",'1102110886121325,'420070039261290339737604393387,'9361289936500477647419,
'53923585082121092749,Ccn Overlabel For Usps Evs,"IFS/BOXIISHIP SYSTEM BEAUTY",'9261290339737604404038,"08/21/2025 09:06:40 pm",'1102110886124125,'420212189261290339737604404038,'9361289936500477648690,
'53923585082121092749,Ccn Overlabel For Usps Evs,"IFS/BOXIISHIP SYSTEM BEAUTY",'9261290339737604400795,"08/21/2025 09:06:40 pm",'1102110886126025,'420305189261290339737604400795,'9361289936500477648881,
'53923585082121092749,Ccn Overlabel For Usps Evs,"IFS/BOXIISHIP SYSTEM BEAUTY",'9261290339737604401754,"08/21/2025 09:06:40 pm",'1102110886125725,'420672039261290339737604401754,'9361289936500477648850,
'53923585082121092749,Ccn Overlabel For Usps Evs,"IFS/BOXIISHIP SYSTEM BEAUTY",'9261290339737604404151,"08/21/2025 09:06:40 pm",'1102110886125825,'420773759261290339737604404151,'9361289936500477648867,
'53923585082121092749,Ccn Overlabel For Usps Evs,"IFS/BOXIISHIP SYSTEM BEAUTY",'9261290339737604401716,"08/21/2025 09:06:40 pm",'1102110886125925,'420300249261290339737604401716,'9361289936500477648874,
'53923585082121092749,Ccn Overlabel For Usps Evs,"IFS/BOXIISHIP SYSTEM BEAUTY",'9261290339737604395435,"08/21/2025 09:06:40 pm",'1102110886123325,'420770669261290339737604395435,'9361289936500477648614,
'53923585082121092749,Ccn Overlabel For Usps Evs,"IFS/BOXIISHIP SYSTEM BEAUTY",'9261290339737604394209,"08/21/2025 09:06:40 pm",'1102110886123425,'420921139261290339737604394209,'9361289936500477648621,
'53923585082121092749,Ccn Overlabel For Usps Evs,"IFS/BOXIISHIP SYSTEM BEAUTY",'9261290339737604390515,"08/21/2025 09:06:40 pm",'1102110886123525,'420386689261290339737604390515,'9361289936500477648638,
'53923585082121092749,Ccn Overlabel For Usps Evs,"IFS/BOXIISHIP SYSTEM BEAUTY",'9261290339737604404281,"08/21/2025 09:06:40 pm",'1102110886214725,'420916049261290339737604404281,'9361289936500477647754,
'53923585082121092749,Ccn Overlabel For Usps Evs,"IFS/BOXIISHIP SYSTEM BEAUTY",'9261290339737604403185,"08/21/2025 09:06:40 pm",'1102110886214425,'420168019261290339737604403185,'9361289936500477647723,
'53923585082121092749,Ccn Overlabel For Usps Evs,"IFS/BOXIISHIP SYSTEM BEAUTY",'9261290339737604392083,"08/21/2025 09:06:40 pm",'1102110886123125,'420900349261290339737604392083,'9361289936500477648591,
'53923585082121092749,Ccn Overlabel For Usps Evs,"IFS/BOXIISHIP SYSTEM BEAUTY",'9261290339737604394599,"08/21/2025 09:06:40 pm",'1102110886214325,'420840599261290339737604394599,'9361289936500477647716,
'53923585082121092749,Ccn Overlabel For Usps Evs,"IFS/BOXIISHIP SYSTEM BEAUTY",'9261290339737604393059,"08/21/2025 09:06:40 pm",'1102110886123225,'420181039261290339737604393059,'9361289936500477648607,
'53923585082121092749,Ccn Overlabel For Usps Evs,"IFS/BOXIISHIP SYSTEM BEAUTY",'9261290339737604392045,"08/21/2025 09:06:40 pm",'1102110886123025,'420770079261290339737604392045,'9361289936500477648584,
'53923585082121092749,Ccn Overlabel For Usps Evs,"IFS/BOXIISHIP SYSTEM BEAUTY",'9261290339737604401464,"08/21/2025 09:06:40 pm",'1102110886121925,'420847809261290339737604401464,'9361289936500477647471,
'53923585082121092749,Ccn Overlabel For Usps Evs,"IFS/BOXIISHIP SYSTEM BEAUTY",'9261290339737604400658,"08/21/2025 09:06:40 pm",'1102110886122025,'420774239261290339737604400658,'9361289936500477647488,
'53923585082121092749,Ccn Overlabel For Usps Evs,"IFS/BOXIISHIP SYSTEM BEAUTY",'9261290339737604391512,"08/21/2025 09:06:40 pm",'1102110886121725,'420722049261290339737604391512,'9361289936500477647457,
'53923585082121092749,Ccn Overlabel For Usps Evs,"IFS/BOXIISHIP SYSTEM BEAUTY",'9261290339737604400993,"08/21/2025 09:06:40 pm",'1102110886121825,'420349869261290339737604400993,'9361289936500477647464,
'53923585082121092749,Ccn Overlabel For Usps Evs,"IFS/BOXIISHIP SYSTEM BEAUTY",'9261290339737604395084,"08/21/2025 09:06:40 pm",'1102110886121525,'420296099261290339737604395084,'9361289936500477647433,
'53923585082121092749,Ccn Overlabel For Usps Evs,"IFS/BOXIISHIP SYSTEM BEAUTY",'9261290339737604401365,"08/21/2025 09:06:40 pm",'1102110886122225,'420330159261290339737604401365,'9361289936500477647501,
'53923585082121092749,Ccn Overlabel For Usps Evs,"IFS/BOXIISHIP SYSTEM BEAUTY",'9261290339737604400894,"08/21/2025 09:06:40 pm",'1102110886122925,'420347469261290339737604400894,'9361289936500477648577,
'53923585082121092749,Ccn Overlabel For Usps Evs,"IFS/BOXIISHIP SYSTEM BEAUTY",'9261290339737604403130,"08/21/2025 09:06:40 pm",'1102110886122525,'420323129261290339737604403130,'9361289936500477648539,
'53923585082121092749,Ccn Overlabel For Usps Evs,"IFS/BOXIISHIP SYSTEM BEAUTY",'9261290339737604393226,"08/21/2025 09:06:40 pm",'1102110886122425,'420437739261290339737604393226,'9361289936500477648522,
'53923585082121092749,Ccn Overlabel For Usps Evs,"IFS/BOXIISHIP SYSTEM BEAUTY",'9261290339737604401143,"08/21/2025 09:06:40 pm",'1102110886122325,'420949529261290339737604401143,'9361289936500477648515,
'53923585082121092749,Ccn Overlabel For Usps Evs,"IFS/BOXIISHIP SYSTEM BEAUTY",'9261290339737604394988,"08/21/2025 09:06:40 pm",'1102110886122825,'420498549261290339737604394988,'9361289936500477648560,
'53923585082121092749,Ccn Overlabel For Usps Evs,"IFS/BOXIISHIP SYSTEM BEAUTY",'9261290339737604392939,"08/21/2025 09:06:40 pm",'1102110886214225,'420480729261290339737604392939,'9361289936500477647709,
'53923585082121092749,Ccn Overlabel For Usps Evs,"IFS/BOXIISHIP SYSTEM BEAUTY",'9261290339737604394049,"08/21/2025 09:06:40 pm",'1102110886122625,'420925849261290339737604394049,'9361289936500477648546,
'53923585082121092749,Ccn Overlabel For Usps Evs,"IFS/BOXIISHIP SYSTEM BEAUTY",'9261290339737604396234,"08/21/2025 09:06:40 pm",'1102110886213325,'420017499261290339737604396234,'9361289936500477647617,
'53923585082121092749,Ccn Overlabel For Usps Evs,"IFS/BOXIISHIP SYSTEM BEAUTY",'9261290339737604397606,"08/21/2025 09:06:40 pm",'1102110886117125,'420597589261290339737604397606,'9361289936500477646993,
'53923585082121092749,Ccn Overlabel For Usps Evs,"IFS/BOXIISHIP SYSTEM BEAUTY",'9261290339737604398016,"08/21/2025 09:06:40 pm",'1102110886116925,'420303199261290339737604398016,'9361289936500477646979,
'53923585082121092749,Ccn Overlabel For Usps Evs,"IFS/BOXIISHIP SYSTEM BEAUTY",'9261290339737604399129,"08/21/2025 09:06:40 pm",'1102110886117525,'420801349261290339737604399129,'9361289936500477647037,
'53923585082121092749,Ccn Overlabel For Usps Evs,"IFS/BOXIISHIP SYSTEM BEAUTY",'9261290339737604399075,"08/21/2025 09:06:40 pm",'1102110886117025,'420802119261290339737604399075,'9361289936500477646986,
'53923585082121092749,Ccn Overlabel For Usps Evs,"IFS/BOXIISHIP SYSTEM BEAUTY",'9261290339737604399938,"08/21/2025 09:06:40 pm",'1102110886117225,'420117269261290339737604399938,'9361289936500477647006,
'53923585082121092749,Ccn Overlabel For Usps Evs,"IFS/BOXIISHIP SYSTEM BEAUTY",'9261290339737604400276,"08/21/2025 09:06:40 pm",'1102110886117325,'420350589261290339737604400276,'9361289936500477647013,
'53923585082121092749,Ccn Overlabel For Usps Evs,"IFS/BOXIISHIP SYSTEM BEAUTY",'9261290339737604399167,"08/21/2025 09:06:40 pm",'1102110886117425,'420701199261290339737604399167,'9361289936500477647020,
'53923585082121092749,Ccn Overlabel For Usps Evs,"IFS/BOXIISHIP SYSTEM BEAUTY",'9261290339737604396722,"08/21/2025 09:06:40 pm",'1102110886114625,'420957659261290339737604396722,'9361289936500477646740,
'53923585082121092749,Ccn Overlabel For Usps Evs,"IFS/BOXIISHIP SYSTEM BEAUTY",'9261290339737604398627,"08/21/2025 09:06:40 pm",'1102110886212925,'420775849261290339737604398627,'9361289936500477647570,
'53923585082121092749,Ccn Overlabel For Usps Evs,"IFS/BOXIISHIP SYSTEM BEAUTY",'9261290339737604397712,"08/21/2025 09:06:40 pm",'1102110886212825,'420210459261290339737604397712,'9361289936500477647563,
'53923585082121092749,Ccn Overlabel For Usps Evs,"IFS/BOXIISHIP SYSTEM BEAUTY",'9261290339737604396838,"08/21/2025 09:06:40 pm",'1102110886114425,'420331789261290339737604396838,'9361289936500477646726,
'53923585082121092749,Ccn Overlabel For Usps Evs,"IFS/BOXIISHIP SYSTEM BEAUTY",'9261290339737604398573,"08/21/2025 09:06:40 pm",'1102110886114825,'420350519261290339737604398573,'9361289936500477646764,
'53923585082121092749,Ccn Overlabel For Usps Evs,"IFS/BOXIISHIP SYSTEM BEAUTY",'9261290339737604397637,"08/21/2025 09:06:40 pm",'1102110886114725,'420246149261290339737604397637,'9361289936500477646757,
'53923585082121092749,Ccn Overlabel For Usps Evs,"IFS/BOXIISHIP SYSTEM BEAUTY",'9261290339737604397040,"08/21/2025 09:06:40 pm",'1102110886114925,'420850149261290339737604397040,'9361289936500477646771,
'53923585082121092749,Ccn Overlabel For Usps Evs,"IFS/BOXIISHIP SYSTEM BEAUTY",'9261290339737604396852,"08/21/2025 09:06:40 pm",'1102110886212725,'420989089261290339737604396852,'9361289936500477647556,
'53923585082121092749,Ccn Overlabel For Usps Evs,"IFS/BOXIISHIP SYSTEM BEAUTY",'9261290339737604399051,"08/21/2025 09:06:40 pm",'1102110886114525,'420549049261290339737604399051,'9361289936500477646733,
'53923585082121092749,Ccn Overlabel For Usps Evs,"IFS/BOXIISHIP SYSTEM BEAUTY",'9261290339737604397101,"08/21/2025 09:06:40 pm",'1102110886114015,'420372099261290339737604397101,'9361289936500477646689,
'53923585082121092749,Ccn Overlabel For Usps Evs,"IFS/BOXIISHIP SYSTEM BEAUTY",'9261290339737604398245,"08/21/2025 09:06:40 pm",'1102110886212615,'420344719261290339737604398245,'9361289936500477647549,
'53923585082121092749,Ccn Overlabel For Usps Evs,"IFS/BOXIISHIP SYSTEM BEAUTY",'9261290339737604399044,"08/21/2025 09:06:40 pm",'1102110886113915,'420809049261290339737604399044,'9361289936500477646672,
'53923585082121092749,Ccn Overlabel For Usps Evs,"IFS/BOXIISHIP SYSTEM BEAUTY",'9261290339737604399099,"08/21/2025 09:06:40 pm",'1102110886114225,'420102829261290339737604399099,'9361289936500477646702,
'53923585082121092749,Ccn Overlabel For Usps Evs,"IFS/BOXIISHIP SYSTEM BEAUTY",'9261290339737604398351,"08/21/2025 09:06:40 pm",'1102110886114325,'420940619261290339737604398351,'9361289936500477646719,
'53923585082121092749,Ccn Overlabel For Usps Evs,"IFS/BOXIISHIP SYSTEM BEAUTY",'9261290339737604393929,"08/21/2025 09:06:40 pm",'1102110886114125,'420986859261290339737604393929,'9361289936500477646696,
'53923585082121092749,Ccn Overlabel For Usps Evs,"IFS/BOXIISHIP SYSTEM BEAUTY",'9261290339737604399105,"08/21/2025 09:06:40 pm",'1102110886118325,'420437189261290339737604399105,'9361289936500477647112,
'53923585082121092749,Ccn Overlabel For Usps Evs,"IFS/BOXIISHIP SYSTEM BEAUTY",'9261290339737604400238,"08/21/2025 09:06:40 pm",'1102110886118425,'420652039261290339737604400238,'9361289936500477647129,
'53923585082121092749,Ccn Overlabel For Usps Evs,"IFS/BOXIISHIP SYSTEM BEAUTY",'9261290339737604398047,"08/21/2025 09:06:40 pm",'1102110886118625,'420190739261290339737604398047,'9361289936500477647143,
'53923585082121092749,Ccn Overlabel For Usps Evs,"IFS/BOXIISHIP SYSTEM BEAUTY",'9261290339737604398429,"08/21/2025 09:06:40 pm",'1102110886213725,'420934369261290339737604398429,'9361289936500477647655,
'53923585082121092749,Ccn Overlabel For Usps Evs,"IFS/BOXIISHIP SYSTEM BEAUTY",'9261290339737604395749,"08/21/2025 09:06:40 pm",'1102110886118525,'420853889261290339737604395749,'9361289936500477647136,
'53923585082121092749,Ccn Overlabel For Usps Evs,"IFS/BOXIISHIP SYSTEM BEAUTY",'9261290339737604395831,"08/21/2025 09:06:40 pm",'1102110886118225,'420285709261290339737604395831,'9361289936500477647105,
'53923585082121092749,Ccn Overlabel For Usps Evs,"IFS/BOXIISHIP SYSTEM BEAUTY",'9261290339737604396128,"08/21/2025 09:06:40 pm",'1102110886118125,'420847379261290339737604396128,'9361289936500477647099,
'53923585082121092749,Ccn Overlabel For Usps Evs,"IFS/BOXIISHIP SYSTEM BEAUTY",'9261290339737604397699,"08/21/2025 09:06:40 pm",'1102110886119525,'420701189261290339737604397699,'9361289936500477647235,
'53923585082121092749,Ccn Overlabel For Usps Evs,"IFS/BOXIISHIP SYSTEM BEAUTY",'9261290339737604396371,"08/21/2025 09:06:40 pm",'1102110886119625,'420926639261290339737604396371,'9361289936500477647242,
'53923585082121092749,Ccn Overlabel For Usps Evs,"IFS/BOXIISHIP SYSTEM BEAUTY",'9261290339737604399778,"08/21/2025 09:06:40 pm",'1102110886119925,'420900379261290339737604399778,'9361289936500477647273,
'53923585082121092749,Ccn Overlabel For Usps Evs,"IFS/BOXIISHIP SYSTEM BEAUTY",'9261290339737604397866,"08/21/2025 09:06:40 pm",'1102110886119825,'420530059261290339737604397866,'9361289936500477647266,
'53923585082121092749,Ccn Overlabel For Usps Evs,"IFS/BOXIISHIP SYSTEM BEAUTY",'9261290339737604395787,"08/21/2025 09:06:40 pm",'1102110886119725,'420223129261290339737604395787,'9361289936500477647259,
'53923585082121092749,Ccn Overlabel For Usps Evs,"IFS/BOXIISHIP SYSTEM BEAUTY",'9261290339737604395794,"08/21/2025 09:06:40 pm",'1102110886120125,'420023609261290339737604395794,'9361289936500477647297,
'53923585082121092749,Ccn Overlabel For Usps Evs,"IFS/BOXIISHIP SYSTEM BEAUTY",'9261290339737604396104,"08/21/2025 09:06:40 pm",'1102110886120025,'420070139261290339737604396104,'9361289936500477647280,
'53923585082121092749,Ccn Overlabel For Usps Evs,"IFS/BOXIISHIP SYSTEM BEAUTY",'9261290339737604398061,"08/21/2025 09:06:40 pm",'1102110886115825,'420334349261290339737604398061,'9361289936500477646863,
'53923585082121092749,Ccn Overlabel For Usps Evs,"IFS/BOXIISHIP SYSTEM BEAUTY",'9261290339737604396135,"08/21/2025 09:06:40 pm",'1102110886116125,'420605039261290339737604396135,'9361289936500477646894,
'53923585082121092749,Ccn Overlabel For Usps Evs,"IFS/BOXIISHIP SYSTEM BEAUTY",'9261290339737604399082,"08/21/2025 09:06:40 pm",'1102110886116425,'420981179261290339737604399082,'9361289936500477646924,
'53923585082121092749,Ccn Overlabel For Usps Evs,"IFS/BOXIISHIP SYSTEM BEAUTY",'9261290339737604398160,"08/21/2025 09:06:40 pm",'1102110886115725,'420238039261290339737604398160,'9361289936500477646856,
'53923585082121092749,Ccn Overlabel For Usps Evs,"IFS/BOXIISHIP SYSTEM BEAUTY",'9261290339737604393080,"08/21/2025 09:06:40 pm",'1102110886213225,'420939089261290339737604393080,'9361289936500477647600,
'53923585082121092749,Ccn Overlabel For Usps Evs,"IFS/BOXIISHIP SYSTEM BEAUTY",'9261290339737604396920,"08/21/2025 09:06:40 pm",'1102110886118725,'420774949261290339737604396920,'9361289936500477647150,
'53923585082121092749,Ccn Overlabel For Usps Evs,"IFS/BOXIISHIP SYSTEM BEAUTY",'9261290339737604396951,"08/21/2025 09:06:40 pm",'1102110886116625,'420191489261290339737604396951,'9361289936500477646948,
'53923585082121092749,Ccn Overlabel For Usps Evs,"IFS/BOXIISHIP SYSTEM BEAUTY",'9261290339737604395916,"08/21/2025 09:06:40 pm",'1102110886116725,'420917759261290339737604395916,'9361289936500477646955,
'53923585082121092749,Ccn Overlabel For Usps Evs,"IFS/BOXIISHIP SYSTEM BEAUTY",'9261290339737604397897,"08/21/2025 09:06:40 pm",'1102110886116525,'420109949261290339737604397897,'9361289936500477646931,
'53923585082121092749,Ccn Overlabel For Usps Evs,"IFS/BOXIISHIP SYSTEM BEAUTY",'9261290339737604395954,"08/21/2025 09:06:40 pm",'1102110886116825,'420840409261290339737604395954,'9361289936500477646962,
'53923585082121092749,Ccn Overlabel For Usps Evs,"IFS/BOXIISHIP SYSTEM BEAUTY",'9261290339737604397927,"08/21/2025 09:06:40 pm",'1102110886115925,'420601759261290339737604397927,'9361289936500477646870,
'53923585082121092749,Ccn Overlabel For Usps Evs,"IFS/BOXIISHIP SYSTEM BEAUTY",'9261290339737604400351,"08/21/2025 09:06:40 pm",'1102110886116025,'420483369261290339737604400351,'9361289936500477646887,
'53923585082121092749,Ccn Overlabel For Usps Evs,"IFS/BOXIISHIP SYSTEM BEAUTY",'9261290339737604398436,"08/21/2025 09:06:40 pm",'1102110886116225,'420460609261290339737604398436,'9361289936500477646900,
'53923585082121092749,Ccn Overlabel For Usps Evs,"IFS/BOXIISHIP SYSTEM BEAUTY",'9261290339737604400023,"08/21/2025 09:06:40 pm",'1102110886116325,'420972399261290339737604400023,'9361289936500477646917,
'53923585082121092749,Ccn Overlabel For Usps Evs,"IFS/BOXIISHIP SYSTEM BEAUTY",'9261290339737604395930,"08/21/2025 09:06:40 pm",'1102110886213425,'420531779261290339737604395930,'9361289936500477647624,
'53923585082121092749,Ccn Overlabel For Usps Evs,"IFS/BOXIISHIP SYSTEM BEAUTY",'9261290339737604395732,"08/21/2025 09:06:40 pm",'1102110886119325,'420112229261290339737604395732,'9361289936500477647211,
'53923585082121092749,Ccn Overlabel For Usps Evs,"IFS/BOXIISHIP SYSTEM BEAUTY",'9261290339737604395923,"08/21/2025 09:06:40 pm",'1102110886213625,'420430359261290339737604395923,'9361289936500477647648,
'53923585082121092749,Ccn Overlabel For Usps Evs,"IFS/BOXIISHIP SYSTEM BEAUTY",'9261290339737604397446,"08/21/2025 09:06:40 pm",'1102110886118925,'420394269261290339737604397446,'9361289936500477647174,
'53923585082121092749,Ccn Overlabel For Usps Evs,"IFS/BOXIISHIP SYSTEM BEAUTY",'9261290339737604397552,"08/21/2025 09:06:40 pm",'1102110886119225,'420325419261290339737604397552,'9361289936500477647204,
'53923585082121092749,Ccn Overlabel For Usps Evs,"IFS/BOXIISHIP SYSTEM BEAUTY",'9261290339737604399365,"08/21/2025 09:06:40 pm",'1102110886117925,'420101289261290339737604399365,'9361289936500477647075,
'53923585082121092749,Ccn Overlabel For Usps Evs,"IFS/BOXIISHIP SYSTEM BEAUTY",'9261290339737604397835,"08/21/2025 09:06:40 pm",'1102110886118025,'420445129261290339737604397835,'9361289936500477647082,
'53923585082121092749,Ccn Overlabel For Usps Evs,"IFS/BOXIISHIP SYSTEM BEAUTY",'9261290339737604399617,"08/21/2025 09:06:40 pm",'1102110886213125,'420481739261290339737604399617,'9361289936500477647594,
'53923585082121092749,Ccn Overlabel For Usps Evs,"IFS/BOXIISHIP SYSTEM BEAUTY",'9261290339737604398276,"08/21/2025 09:06:40 pm",'1102110886119025,'420850419261290339737604398276,'9361289936500477647181,
'53923585082121092749,Ccn Overlabel For Usps Evs,"IFS/BOXIISHIP SYSTEM BEAUTY",'9261290339737604399822,"08/21/2025 09:06:40 pm",'1102110886119425,'420018249261290339737604399822,'9361289936500477647228,
'53923585082121092749,Ccn Overlabel For Usps Evs,"IFS/BOXIISHIP SYSTEM BEAUTY",'9261290339737604398580,"08/21/2025 09:06:40 pm",'1102110886213525,'420805219261290339737604398580,'9361289936500477647631,
'53923585082121092749,Ccn Overlabel For Usps Evs,"IFS/BOXIISHIP SYSTEM BEAUTY",'9261290339737604397132,"08/21/2025 09:06:40 pm",'1102110886118825,'420342029261290339737604397132,'9361289936500477647167,
'53923585082121092749,Ccn Overlabel For Usps Evs,"IFS/BOXIISHIP SYSTEM BEAUTY",'9261290339737604398450,"08/21/2025 09:06:40 pm",'1102110886119125,'420641559261290339737604398450,'9361289936500477647198,
'53923585082121092749,Ccn Overlabel For Usps Evs,"IFS/BOXIISHIP SYSTEM BEAUTY",'9261290339737604396746,"08/21/2025 09:06:40 pm",'1102110886115125,'420352269261290339737604396746,'9361289936500477646795,
'53923585082121092749,Ccn Overlabel For Usps Evs,"IFS/BOXIISHIP SYSTEM BEAUTY",'9261290339737604397385,"08/21/2025 09:06:40 pm",'1102110886117625,'420920839261290339737604397385,'9361289936500477647044,
'53923585082121092749,Ccn Overlabel For Usps Evs,"IFS/BOXIISHIP SYSTEM BEAUTY",'9261290339737604400382,"08/21/2025 09:06:40 pm",'1102110886117725,'420079459261290339737604400382,'9361289936500477647051,
'53923585082121092749,Ccn Overlabel For Usps Evs,"IFS/BOXIISHIP SYSTEM BEAUTY",'9261290339737604397217,"08/21/2025 09:06:40 pm",'1102110886117825,'420040329261290339737604397217,'9361289936500477647068,
'53923585082121092749,Ccn Overlabel For Usps Evs,"IFS/BOXIISHIP SYSTEM BEAUTY",'9261290339737604395848,"08/21/2025 09:06:40 pm",'1102110886115225,'420843199261290339737604395848,'9361289936500477646801,
'53923585082121092749,Ccn Overlabel For Usps Evs,"IFS/BOXIISHIP SYSTEM BEAUTY",'9261290339737604396760,"08/21/2025 09:06:40 pm",'1102110886115425,'420405029261290339737604396760,'9361289936500477646825,
'53923585082121092749,Ccn Overlabel For Usps Evs,"IFS/BOXIISHIP SYSTEM BEAUTY",'9261290339737604398115,"08/21/2025 09:06:40 pm",'1102110886115025,'420054959261290339737604398115,'9361289936500477646788,
'53923585082121092749,Ccn Overlabel For Usps Evs,"IFS/BOXIISHIP SYSTEM BEAUTY",'9261290339737604396180,"08/21/2025 09:06:40 pm",'1102110886115525,'420780709261290339737604396180,'9361289936500477646832,
'53923585082121092749,Ccn Overlabel For Usps Evs,"IFS/BOXIISHIP SYSTEM BEAUTY",'9261290339737604395824,"08/21/2025 09:06:40 pm",'1102110886115625,'420596349261290339737604395824,'9361289936500477646849,
'53923585082121092749,Ccn Overlabel For Usps Evs,"IFS/BOXIISHIP SYSTEM BEAUTY",'9261290339737604395671,"08/21/2025 09:06:40 pm",'1102110886213025,'420906389261290339737604395671,'9361289936500477647587,
'53923585082121092749,Ccn Overlabel For Usps Evs,"IFS/BOXIISHIP SYSTEM BEAUTY",'9261290339737604399976,"08/21/2025 09:06:40 pm",'1102110886115325,'420825019261290339737604399976,'9361289936500477646818,
'53923585082121092749,Ccn Overlabel For Usps Evs,"IFS/BOXIISHIP SYSTEM BEAUTY",'9261290339737604397262,"08/21/2025 09:06:40 pm",'1102110886113415,'420074709261290339737604397262,'9361289936500477646627,
'53923585082121092749,Ccn Overlabel For Usps Evs,"IFS/BOXIISHIP SYSTEM BEAUTY",'9261290339737604396890,"08/21/2025 09:06:40 pm",'1102110886113215,'420844049261290339737604396890,'9361289936500477646603,
'53923585082121092749,Ccn Overlabel For Usps Evs,"IFS/BOXIISHIP SYSTEM BEAUTY",'9261290339737604399068,"08/21/2025 09:06:40 pm",'1102110886113315,'420782589261290339737604399068,'9361289936500477646610,
'53923585082121092749,Ccn Overlabel For Usps Evs,"IFS/BOXIISHIP SYSTEM BEAUTY",'9261290339737604398122,"08/21/2025 09:06:40 pm",'1102110886113515,'420777019261290339737604398122,'9361289936500477646634,
'53923585082121092749,Ccn Overlabel For Usps Evs,"IFS/BOXIISHIP SYSTEM BEAUTY",'9261290339737604396814,"08/21/2025 09:06:40 pm",'1102110886113615,'420331669261290339737604396814,'9361289936500477646641,
'53923585082121092749,Ccn Overlabel For Usps Evs,"IFS/BOXIISHIP SYSTEM BEAUTY",'9261290339737604397798,"08/21/2025 09:06:40 pm",'1102110886113815,'420029039261290339737604397798,'9361289936500477646665,
'53923585082121092749,Ccn Overlabel For Usps Evs,"IFS/BOXIISHIP SYSTEM BEAUTY",'9261290339737604395879,"08/21/2025 09:06:40 pm",'1102110886212415,'420953019261290339737604395879,'9361289936500477647525,
'53923585082121092749,Ccn Overlabel For Usps Evs,"IFS/BOXIISHIP SYSTEM BEAUTY",'9261290339737604397064,"08/21/2025 09:06:40 pm",'1102110886113715,'420385019261290339737604397064,'9361289936500477646658,
'53923585082121092749,Ccn Overlabel For Usps Evs,"IFS/BOXIISHIP SYSTEM BEAUTY",'9261290339737604398405,"08/21/2025 09:06:40 pm",'1102110886212515,'420054089261290339737604398405,'9361289936500477647532,
'53923585082121092749,Ccn Overlabel For Usps Evs,"IFS/BOXIISHIP SYSTEM BEAUTY",'9261290339737604400115,"08/21/2025 09:06:40 pm",'1102110886112915,'420377219261290339737604400115,'9361289936500477646573,
'53923585082121092749,Ccn Overlabel For Usps Evs,"IFS/BOXIISHIP SYSTEM BEAUTY",'9261290339737604398108,"08/21/2025 09:06:40 pm",'1102110886212315,'420630109261290339737604398108,'9361289936500477647518,
'53923585082121092749,Ccn Overlabel For Usps Evs,"IFS/BOXIISHIP SYSTEM BEAUTY",'9261290339737604397330,"08/21/2025 09:06:40 pm",'1102110886113115,'420857379261290339737604397330,'9361289936500477646597,
'53923585082121092749,Ccn Overlabel For Usps Evs,"IFS/BOXIISHIP SYSTEM BEAUTY",'9261290339737604400122,"08/21/2025 09:06:40 pm",'1102110886113015,'420400599261290339737604400122,'9361289936500477646580,
'53923585082121092749,Ccn Overlabel For Usps Evs,"IFS/BOXIISHIP SYSTEM BEAUTY",'9261290339737604395992,"08/21/2025 09:06:40 pm",'1102110886112715,'420606479261290339737604395992,'9361289936500477646559,
'53923585082121092749,Ccn Overlabel For Usps Evs,"IFS/BOXIISHIP SYSTEM BEAUTY",'9261290339737604399136,"08/21/2025 09:06:40 pm",'1102110886112615,'420115019261290339737604399136,'9361289936500477646542,
'53923585082121092749,Ccn Overlabel For Usps Evs,"IFS/BOXIISHIP SYSTEM BEAUTY",'9261290339737604400061,"08/21/2025 09:06:40 pm",'1102110886112815,'420070709261290339737604400061,'9361289936500477646566,
'53923585082121092749,Ccn Overlabel For Usps Evs,"IFS/BOXIISHIP SYSTEM BEAUTY",'9261290339737604396708,"08/21/2025 09:06:40 pm",'1102110886112515,'420900139261290339737604396708,'9361289936500477646535,
'53923585082121092749,Ccn Overlabel For Usps Evs,"IFS/BOXIISHIP SYSTEM BEAUTY",'9261290339737604394773,"08/21/2025 09:06:40 pm",'1102110886112415,'420230719261290339737604394773,'9361289936500477646528,
'53923585082121092749,Ccn Overlabel For Usps Evs,"IFS/BOXIISHIP SYSTEM BEAUTY",'9261290339737604400931,"08/21/2025 09:06:40 pm",'1102110886112315,'420786419261290339737604400931,'9361289936500477646511,